Staff_ID,Staff_Type,Shift_Date,Shift_Start_Time,Shift_End_Time,Current_Assignment,Hours_Worked,Patients_Assigned,Overtime_Hours
S001,Surgeon,2024-10-22 04:44:49,06:00 PM,07:00 PM,ER,8,9,1
S002,Nurse,2024-10-03 05:51:36,08:00 AM,06:00 PM,General Ward,9,3,0
S003,Technician,2024-10-15 15:11:14,08:00 AM,06:00 PM,ER,8,6,4
S004,Surgeon,2024-10-09 20:07:58,07:00 AM,06:00 PM,General Ward,11,6,3
S005,Surgeon,2024-10-12 05:01:02,07:00 AM,06:00 AM,General Ward,9,5,3
S006,Surgeon,2024-10-05 12:17:25,06:00 PM,07:00 PM,General Ward,10,5,2
S007,Nurse,2024-10-18 20:26:07,07:00 AM,06:00 PM,ER,11,8,1
S008,Nurse,2024-10-08 21:16:16,07:00 AM,07:00 PM,ICU Surgery,8,7,0
S009,Technician,2024-10-22 04:53:34,08:00 AM,06:00 PM,General Ward,11,6,2
S010,Surgeon,2024-10-03 02:48:39,08:00 AM,07:00 PM,ICU Surgery,9,5,3
S011,Technician,2024-10-20 21:33:59,06:00 PM,07:00 PM,ER,8,4,1
S012,Nurse,2024-10-01 01:13:46,08:00 AM,07:00 PM,ICU Surgery,11,9,1
S013,Surgeon,2024-10-27 06:05:21,06:00 PM,07:00 PM,General Ward,11,4,4
S014,Nurse,2024-10-10 04:26:58,06:00 PM,06:00 PM,General Ward,8,8,3
S015,Surgeon,2024-10-02 17:57:19,08:00 AM,07:00 PM,ER,8,9,3
S016,Nurse,2024-10-27 12:03:39,07:00 AM,06:00 PM,ER,8,3,2
S017,Nurse,2024-10-23 11:31:36,06:00 PM,06:00 PM,ICU Surgery,11,2,3
S018,Technician,2024-10-12 15:54:45,08:00 AM,07:00 PM,ICU Surgery,11,4,3
S019,Technician,2024-10-10 15:52:35,07:00 AM,06:00 AM,ICU Surgery,9,4,0
S020,Nurse,2024-10-09 15:02:53,06:00 PM,06:00 AM,General Ward,10,4,1
S021,Surgeon,2024-10-16 01:25:50,06:00 PM,06:00 AM,ICU Surgery,9,6,0
S022,Technician,2024-10-05 04:20:50,06:00 PM,07:00 PM,General Ward,9,4,3
S023,Surgeon,2024-10-07 17:51:22,08:00 AM,06:00 PM,ER,11,5,2
S024,Nurse,2024-10-28 08:45:55,07:00 AM,07:00 PM,ER,8,5,4
S025,Technician,2024-10-16 16:10:24,06:00 PM,07:00 PM,ICU Surgery,8,6,0
S026,Nurse,2024-10-18 02:52:26,07:00 AM,06:00 AM,General Ward,10,2,0
S027,Surgeon,2024-10-27 16:50:50,08:00 AM,06:00 AM,ICU Surgery,10,8,2
S028,Technician,2024-10-20 12:18:14,07:00 AM,06:00 PM,ER,11,2,3
S029,Technician,2024-10-13 00:42:23,07:00 AM,07:00 PM,ER,11,2,4
S030,Surgeon,2024-10-11 23:50:59,08:00 AM,06:00 AM,General Ward,9,7,0
S031,Nurse,2024-10-01 17:08:01,08:00 AM,07:00 PM,ER,10,6,2
S032,Surgeon,2024-10-26 03:27:48,08:00 AM,07:00 PM,General Ward,10,5,0
S033,Nurse,2024-10-02 12:08:13,06:00 PM,06:00 PM,General Ward,11,8,3
S034,Nurse,2024-10-15 06:01:51,06:00 PM,06:00 PM,ER,9,6,3
S035,Surgeon,2024-10-14 14:13:38,08:00 AM,06:00 PM,General Ward,11,6,0
S036,Nurse,2024-10-25 08:27:47,08:00 AM,06:00 AM,ER,9,9,4
S037,Technician,2024-10-01 05:40:44,08:00 AM,06:00 PM,ER,9,7,3
S038,Technician,2024-10-12 13:40:10,07:00 AM,06:00 AM,General Ward,10,2,1
S039,Technician,2024-10-02 13:23:11,07:00 AM,06:00 PM,General Ward,8,2,4
S040,Technician,2024-10-03 10:42:47,08:00 AM,07:00 PM,ICU Surgery,8,9,3
S041,Technician,2024-10-24 17:17:35,08:00 AM,06:00 PM,ER,10,8,4
S042,Technician,2024-10-27 02:48:54,06:00 PM,06:00 PM,General Ward,9,5,1
S043,Technician,2024-10-24 16:46:35,07:00 AM,07:00 PM,General Ward,8,4,0
S044,Technician,2024-10-28 19:53:23,06:00 PM,06:00 PM,ER,10,4,1
S045,Nurse,2024-10-01 23:28:49,08:00 AM,06:00 PM,ER,11,4,4
S046,Technician,2024-10-07 05:29:45,07:00 AM,06:00 AM,ICU Surgery,10,7,2
S047,Technician,2024-10-22 22:09:36,07:00 AM,06:00 PM,ICU Surgery,11,7,2
S048,Nurse,2024-10-28 09:00:19,07:00 AM,06:00 AM,ER,11,8,4
S049,Nurse,2024-10-09 04:24:18,07:00 AM,06:00 PM,ICU Surgery,11,2,2
S050,Nurse,2024-10-25 04:41:19,08:00 AM,06:00 PM,ICU Surgery,9,7,3
S051,Nurse,2024-10-16 02:11:40,06:00 PM,06:00 AM,ER,8,7,4
S052,Nurse,2024-10-28 07:12:26,07:00 AM,06:00 AM,ER,11,2,3
S053,Nurse,2024-10-27 13:21:39,07:00 AM,06:00 AM,General Ward,8,8,4
S054,Surgeon,2024-10-15 21:08:34,06:00 PM,06:00 PM,ER,11,6,1
S055,Surgeon,2024-10-29 20:10:20,07:00 AM,06:00 AM,ICU Surgery,10,9,4
S056,Nurse,2024-10-20 21:42:11,07:00 AM,06:00 PM,ER,9,8,4
S057,Nurse,2024-10-21 16:47:52,08:00 AM,06:00 AM,General Ward,10,5,0
S058,Technician,2024-10-20 09:59:36,06:00 PM,07:00 PM,ER,11,6,2
S059,Technician,2024-10-02 00:09:21,06:00 PM,06:00 AM,ER,10,1,2
S060,Nurse,2024-10-12 20:26:37,06:00 PM,06:00 PM,ICU Surgery,10,6,1
S061,Technician,2024-10-14 16:17:59,07:00 AM,06:00 PM,General Ward,9,7,1
S062,Technician,2024-10-26 00:38:46,06:00 PM,06:00 PM,ICU Surgery,10,9,1
S063,Nurse,2024-10-26 05:10:22,08:00 AM,07:00 PM,General Ward,11,5,0
S064,Technician,2024-10-29 13:27:21,08:00 AM,07:00 PM,ICU Surgery,9,6,1
S065,Surgeon,2024-10-15 06:06:13,08:00 AM,06:00 AM,ICU Surgery,10,1,4
S066,Surgeon,2024-10-01 10:10:49,07:00 AM,07:00 PM,ICU Surgery,9,3,2
S067,Technician,2024-10-05 06:35:44,06:00 PM,07:00 PM,General Ward,11,2,3
S068,Surgeon,2024-10-27 17:13:15,07:00 AM,07:00 PM,ICU Surgery,8,2,4
S069,Nurse,2024-10-03 17:10:32,07:00 AM,06:00 PM,General Ward,10,9,4
S070,Nurse,2024-10-26 17:29:59,06:00 PM,06:00 AM,ICU Surgery,10,8,0
S071,Nurse,2024-10-20 22:01:28,07:00 AM,07:00 PM,General Ward,10,9,0
S072,Nurse,2024-10-26 12:06:45,06:00 PM,06:00 PM,General Ward,11,7,0
S073,Surgeon,2024-10-03 01:50:40,08:00 AM,07:00 PM,ICU Surgery,10,9,2
S074,Nurse,2024-10-08 04:19:58,08:00 AM,06:00 AM,ER,10,6,1
S075,Technician,2024-10-16 22:36:13,07:00 AM,06:00 AM,General Ward,10,2,2
S076,Nurse,2024-10-06 06:02:48,08:00 AM,06:00 PM,ER,10,5,2
S077,Surgeon,2024-10-09 20:26:32,06:00 PM,06:00 AM,ICU Surgery,11,2,2
S078,Technician,2024-10-12 22:13:08,08:00 AM,06:00 PM,ICU Surgery,11,4,2
S079,Technician,2024-10-11 23:35:40,06:00 PM,07:00 PM,General Ward,11,3,3
S080,Technician,2024-10-19 09:18:37,08:00 AM,06:00 PM,General Ward,8,8,1
S081,Surgeon,2024-10-06 03:38:19,08:00 AM,06:00 AM,ICU Surgery,11,1,2
S082,Technician,2024-10-13 01:57:29,08:00 AM,07:00 PM,General Ward,11,9,2
S083,Nurse,2024-10-01 05:11:23,06:00 PM,06:00 AM,General Ward,9,2,2
S084,Nurse,2024-10-02 18:09:15,08:00 AM,07:00 PM,ER,9,4,2
S085,Surgeon,2024-10-16 05:47:21,07:00 AM,06:00 PM,General Ward,8,5,1
S086,Surgeon,2024-10-23 23:16:03,08:00 AM,06:00 PM,ER,9,2,3
S087,Nurse,2024-10-27 22:55:03,07:00 AM,07:00 PM,ER,11,3,4
S088,Nurse,2024-10-16 19:57:17,07:00 AM,06:00 PM,General Ward,9,1,4
S089,Technician,2024-10-16 10:50:18,07:00 AM,06:00 AM,ICU Surgery,8,3,1
S090,Nurse,2024-10-14 14:02:15,08:00 AM,07:00 PM,General Ward,9,6,0
S091,Nurse,2024-10-14 11:30:46,08:00 AM,06:00 AM,ER,9,1,0
S092,Nurse,2024-10-25 05:06:31,06:00 PM,07:00 PM,General Ward,11,5,0
S093,Technician,2024-10-15 02:30:26,06:00 PM,06:00 AM,ER,9,7,3
S094,Technician,2024-10-02 01:55:54,07:00 AM,06:00 PM,General Ward,10,8,3
S095,Surgeon,2024-10-01 07:58:29,07:00 AM,06:00 AM,General Ward,11,6,0
S096,Technician,2024-10-03 16:39:34,08:00 AM,06:00 PM,ER,9,5,0
S097,Nurse,2024-10-12 20:41:56,07:00 AM,06:00 AM,ICU Surgery,11,8,2
S098,Surgeon,2024-10-22 08:11:21,06:00 PM,07:00 PM,ICU Surgery,10,9,2
S099,Nurse,2024-10-20 16:51:09,07:00 AM,06:00 AM,General Ward,9,2,0
S100,Nurse,2024-10-23 13:07:08,07:00 AM,06:00 AM,ER,11,3,3
S101,Nurse,2024-10-01 10:17:04,08:00 AM,07:00 PM,General Ward,11,1,3
S102,Nurse,2024-10-12 09:51:23,07:00 AM,06:00 PM,ER,11,9,0
S103,Surgeon,2024-10-18 13:29:47,08:00 AM,06:00 AM,ER,9,4,1
S104,Surgeon,2024-10-24 14:42:16,06:00 PM,06:00 AM,General Ward,8,8,2
S105,Technician,2024-10-29 21:03:58,07:00 AM,07:00 PM,General Ward,11,7,1
S106,Technician,2024-10-06 04:04:35,06:00 PM,07:00 PM,General Ward,10,9,3
S107,Nurse,2024-10-22 18:25:24,08:00 AM,06:00 AM,ER,10,2,1
S108,Surgeon,2024-10-26 21:59:55,06:00 PM,07:00 PM,ER,10,6,4
S109,Surgeon,2024-10-05 20:58:37,07:00 AM,06:00 PM,ICU Surgery,10,3,4
S110,Nurse,2024-10-07 17:48:54,08:00 AM,06:00 PM,General Ward,9,4,3
S111,Nurse,2024-10-12 03:41:16,07:00 AM,06:00 AM,ICU Surgery,10,9,3
S112,Technician,2024-10-13 03:38:51,06:00 PM,07:00 PM,ER,11,4,1
S113,Nurse,2024-10-08 18:24:16,08:00 AM,06:00 AM,ER,11,3,0
S114,Surgeon,2024-10-12 05:50:23,07:00 AM,06:00 PM,ER,11,5,3
S115,Technician,2024-10-17 07:22:47,06:00 PM,06:00 PM,General Ward,10,6,2
S116,Technician,2024-10-21 05:56:52,06:00 PM,06:00 PM,ER,11,8,0
S117,Surgeon,2024-10-15 14:09:29,08:00 AM,06:00 PM,ER,11,6,4
S118,Technician,2024-10-18 05:43:57,08:00 AM,06:00 PM,General Ward,9,8,0
S119,Technician,2024-10-16 23:34:14,07:00 AM,06:00 AM,ER,11,5,1
S120,Surgeon,2024-10-28 20:11:42,07:00 AM,06:00 PM,General Ward,9,2,3
S121,Technician,2024-10-19 09:17:34,08:00 AM,06:00 AM,General Ward,9,9,2
S122,Technician,2024-10-21 08:43:37,08:00 AM,06:00 PM,General Ward,11,3,1
S123,Surgeon,2024-10-01 07:38:41,08:00 AM,07:00 PM,General Ward,9,5,3
S124,Nurse,2024-10-10 07:52:17,07:00 AM,06:00 PM,General Ward,8,9,0
S125,Surgeon,2024-10-11 17:17:00,06:00 PM,07:00 PM,General Ward,8,6,4
S126,Technician,2024-10-17 00:00:01,08:00 AM,06:00 AM,ER,9,3,3
S127,Technician,2024-10-06 07:01:27,08:00 AM,07:00 PM,ER,11,2,3
S128,Surgeon,2024-10-26 06:49:00,08:00 AM,06:00 PM,General Ward,9,2,4
S129,Surgeon,2024-10-09 06:52:30,06:00 PM,07:00 PM,General Ward,11,3,1
S130,Surgeon,2024-10-28 20:42:12,06:00 PM,06:00 PM,ER,10,6,3
S131,Surgeon,2024-10-10 10:00:56,06:00 PM,06:00 PM,ICU Surgery,9,2,0
S132,Surgeon,2024-10-03 15:35:28,07:00 AM,06:00 AM,General Ward,9,5,2
S133,Technician,2024-10-26 15:27:30,07:00 AM,06:00 PM,ICU Surgery,8,1,3
S134,Surgeon,2024-10-04 23:41:33,06:00 PM,06:00 PM,General Ward,11,5,2
S135,Nurse,2024-10-25 04:03:27,06:00 PM,07:00 PM,ICU Surgery,8,9,4
S136,Surgeon,2024-10-25 15:47:51,08:00 AM,06:00 PM,General Ward,10,1,3
S137,Nurse,2024-10-25 06:11:14,07:00 AM,07:00 PM,ER,10,5,3
S138,Technician,2024-10-04 22:39:38,08:00 AM,06:00 AM,ER,9,1,2
S139,Surgeon,2024-10-07 07:58:03,08:00 AM,06:00 AM,ER,11,1,4
S140,Surgeon,2024-10-03 03:43:27,08:00 AM,06:00 AM,ICU Surgery,8,3,0
S141,Nurse,2024-10-20 19:26:38,07:00 AM,06:00 PM,ER,8,2,3
S142,Surgeon,2024-10-08 12:14:52,06:00 PM,07:00 PM,ER,11,4,0
S143,Nurse,2024-10-04 22:44:09,07:00 AM,06:00 PM,ER,10,9,1
S144,Nurse,2024-10-22 01:01:24,06:00 PM,07:00 PM,ER,10,2,3
S145,Surgeon,2024-10-18 00:05:37,08:00 AM,06:00 PM,ER,8,6,2
S146,Surgeon,2024-10-19 08:21:02,07:00 AM,06:00 AM,General Ward,9,6,4
S147,Nurse,2024-10-05 14:25:44,08:00 AM,06:00 AM,General Ward,8,6,0
S148,Surgeon,2024-10-05 06:22:39,06:00 PM,06:00 AM,ER,10,6,1
S149,Nurse,2024-10-06 07:02:09,06:00 PM,07:00 PM,General Ward,11,5,3
S150,Technician,2024-10-03 06:03:56,08:00 AM,07:00 PM,ER,9,6,1
S151,Nurse,2024-10-17 23:18:42,08:00 AM,06:00 AM,ER,8,6,0
S152,Technician,2024-10-26 02:02:57,08:00 AM,06:00 PM,ICU Surgery,8,7,2
S153,Nurse,2024-10-22 20:16:07,06:00 PM,06:00 AM,General Ward,11,4,2
S154,Technician,2024-10-01 15:41:59,06:00 PM,06:00 AM,General Ward,8,9,3
S155,Nurse,2024-10-28 21:15:52,06:00 PM,07:00 PM,ICU Surgery,11,9,0
S156,Technician,2024-10-21 05:34:12,08:00 AM,06:00 PM,ICU Surgery,8,5,3
S157,Nurse,2024-10-04 09:47:29,06:00 PM,06:00 AM,ER,10,2,4
S158,Technician,2024-10-24 19:29:00,07:00 AM,06:00 PM,ER,8,9,1
S159,Surgeon,2024-10-02 10:14:50,07:00 AM,06:00 PM,ER,9,5,3
S160,Technician,2024-10-01 02:52:32,08:00 AM,06:00 PM,ER,10,7,1
S161,Technician,2024-10-21 14:24:12,07:00 AM,06:00 AM,ER,10,3,4
S162,Technician,2024-10-02 04:53:31,06:00 PM,06:00 PM,ICU Surgery,10,9,3
S163,Nurse,2024-10-05 12:59:58,07:00 AM,07:00 PM,ER,10,8,0
S164,Surgeon,2024-10-23 06:15:47,06:00 PM,06:00 PM,ICU Surgery,9,1,2
S165,Surgeon,2024-10-10 23:09:06,08:00 AM,07:00 PM,ICU Surgery,8,2,0
S166,Nurse,2024-10-20 02:13:16,08:00 AM,07:00 PM,ICU Surgery,10,1,4
S167,Technician,2024-10-09 23:26:57,07:00 AM,07:00 PM,ER,11,2,3
S168,Nurse,2024-10-07 11:44:31,08:00 AM,07:00 PM,ICU Surgery,8,8,1
S169,Technician,2024-10-18 11:08:53,08:00 AM,06:00 PM,General Ward,8,3,4
S170,Surgeon,2024-10-21 23:14:56,07:00 AM,07:00 PM,ER,11,5,3
S171,Surgeon,2024-10-07 11:59:28,07:00 AM,06:00 PM,ICU Surgery,9,1,2
S172,Nurse,2024-10-10 11:52:26,07:00 AM,06:00 AM,General Ward,8,5,2
S173,Nurse,2024-10-10 13:20:06,08:00 AM,06:00 AM,ER,9,2,4
S174,Nurse,2024-10-16 05:46:09,06:00 PM,06:00 PM,ICU Surgery,10,1,1
S175,Nurse,2024-10-15 12:01:04,06:00 PM,06:00 PM,General Ward,10,3,1
S176,Technician,2024-10-20 04:51:01,06:00 PM,07:00 PM,ER,8,1,0
S177,Nurse,2024-10-09 00:13:35,08:00 AM,06:00 AM,ER,10,9,2
S178,Technician,2024-10-23 16:00:58,07:00 AM,06:00 AM,General Ward,9,9,4
S179,Nurse,2024-10-11 11:20:27,07:00 AM,06:00 PM,General Ward,11,8,3
S180,Technician,2024-10-02 01:20:39,06:00 PM,07:00 PM,General Ward,11,6,1
S181,Technician,2024-10-12 11:14:19,08:00 AM,07:00 PM,ER,11,1,2
S182,Nurse,2024-10-08 19:42:05,07:00 AM,07:00 PM,ER,10,4,2
S183,Nurse,2024-10-21 16:21:37,08:00 AM,06:00 PM,ER,8,6,4
S184,Surgeon,2024-10-26 01:41:45,07:00 AM,07:00 PM,ICU Surgery,9,3,0
S185,Nurse,2024-10-22 17:10:03,06:00 PM,06:00 PM,ER,10,2,1
S186,Nurse,2024-10-13 10:17:25,08:00 AM,06:00 AM,General Ward,10,3,1
S187,Technician,2024-10-10 11:02:02,06:00 PM,06:00 PM,ER,8,9,2
S188,Technician,2024-10-27 16:41:43,06:00 PM,06:00 PM,ICU Surgery,10,7,0
S189,Nurse,2024-10-10 08:25:49,07:00 AM,06:00 AM,General Ward,9,3,0
S190,Technician,2024-10-13 06:32:58,07:00 AM,06:00 AM,General Ward,8,6,0
S191,Surgeon,2024-10-03 00:56:51,08:00 AM,06:00 PM,ICU Surgery,11,8,0
S192,Technician,2024-10-12 01:46:27,06:00 PM,06:00 AM,ICU Surgery,9,9,3
S193,Technician,2024-10-07 08:05:13,07:00 AM,07:00 PM,ICU Surgery,9,4,0
S194,Surgeon,2024-10-05 07:05:02,07:00 AM,06:00 PM,ER,10,7,4
S195,Surgeon,2024-10-14 05:20:54,07:00 AM,06:00 PM,ICU Surgery,8,9,0
S196,Surgeon,2024-10-07 03:48:03,06:00 PM,06:00 PM,ICU Surgery,9,9,3
S197,Nurse,2024-10-29 12:29:44,08:00 AM,06:00 AM,ER,10,5,1
S198,Technician,2024-10-13 02:24:35,07:00 AM,07:00 PM,ICU Surgery,8,8,2
S199,Surgeon,2024-10-10 13:43:47,07:00 AM,07:00 PM,ER,8,9,0
S200,Nurse,2024-10-02 20:15:32,06:00 PM,07:00 PM,General Ward,9,5,0
S201,Surgeon,2024-10-05 20:35:00,07:00 AM,06:00 AM,General Ward,10,8,1
S202,Surgeon,2024-10-27 09:26:07,06:00 PM,06:00 AM,General Ward,9,7,2
S203,Surgeon,2024-10-09 16:54:10,08:00 AM,06:00 PM,ER,9,3,3
S204,Surgeon,2024-10-19 00:04:11,06:00 PM,07:00 PM,General Ward,8,2,3
S205,Nurse,2024-10-17 00:56:11,06:00 PM,06:00 PM,ER,8,2,0
S206,Nurse,2024-10-14 10:25:56,06:00 PM,06:00 AM,ICU Surgery,10,8,1
S207,Surgeon,2024-10-18 14:32:37,07:00 AM,06:00 AM,ER,8,2,3
S208,Surgeon,2024-10-29 12:09:51,06:00 PM,06:00 PM,ICU Surgery,9,3,2
S209,Surgeon,2024-10-06 03:16:47,07:00 AM,06:00 AM,General Ward,11,2,0
S210,Technician,2024-10-25 15:38:51,06:00 PM,06:00 AM,ICU Surgery,10,2,3
S211,Surgeon,2024-10-09 21:37:06,07:00 AM,06:00 AM,ICU Surgery,10,9,4
S212,Surgeon,2024-10-23 01:41:11,07:00 AM,07:00 PM,ICU Surgery,9,9,0
S213,Technician,2024-10-16 01:17:30,07:00 AM,06:00 PM,ER,8,2,0
S214,Technician,2024-10-24 12:47:56,06:00 PM,06:00 PM,ER,11,6,0
S215,Surgeon,2024-10-17 16:50:22,06:00 PM,06:00 AM,General Ward,10,6,1
S216,Technician,2024-10-13 19:19:38,07:00 AM,06:00 AM,ICU Surgery,10,1,0
S217,Technician,2024-10-02 02:56:07,07:00 AM,07:00 PM,ER,8,5,3
S218,Technician,2024-10-22 12:40:47,06:00 PM,06:00 AM,General Ward,8,5,4
S219,Nurse,2024-10-06 14:31:16,07:00 AM,07:00 PM,ER,8,7,4
S220,Technician,2024-10-19 11:45:47,08:00 AM,07:00 PM,ER,11,9,1
S221,Nurse,2024-10-24 09:12:31,06:00 PM,06:00 PM,General Ward,8,1,3
S222,Nurse,2024-10-29 01:33:51,07:00 AM,06:00 PM,General Ward,9,4,1
S223,Nurse,2024-10-08 06:02:22,06:00 PM,06:00 AM,ER,8,4,1
S224,Nurse,2024-10-21 10:51:05,06:00 PM,06:00 PM,ICU Surgery,8,4,0
S225,Nurse,2024-10-19 02:14:05,08:00 AM,06:00 PM,General Ward,10,4,2
S226,Technician,2024-10-02 10:38:51,08:00 AM,07:00 PM,General Ward,9,2,1
S227,Technician,2024-10-23 19:46:14,06:00 PM,07:00 PM,General Ward,11,6,1
S228,Technician,2024-10-26 08:14:38,08:00 AM,06:00 AM,General Ward,11,4,4
S229,Technician,2024-10-16 20:30:04,08:00 AM,07:00 PM,ER,8,3,2
S230,Technician,2024-10-18 04:45:45,07:00 AM,06:00 PM,ER,11,3,2
S231,Technician,2024-10-18 09:16:09,08:00 AM,06:00 PM,ER,10,8,4
S232,Nurse,2024-10-24 12:08:14,08:00 AM,06:00 PM,General Ward,10,2,4
S233,Technician,2024-10-05 00:36:17,08:00 AM,07:00 PM,ER,9,3,1
S234,Technician,2024-10-26 07:07:31,06:00 PM,06:00 AM,ICU Surgery,11,5,2
S235,Surgeon,2024-10-24 20:59:52,07:00 AM,06:00 PM,ICU Surgery,9,1,1
S236,Nurse,2024-10-14 21:25:47,08:00 AM,06:00 PM,ER,9,6,0
S237,Surgeon,2024-10-15 23:15:55,07:00 AM,06:00 PM,ER,11,7,3
S238,Surgeon,2024-10-05 17:47:16,08:00 AM,07:00 PM,ER,8,5,0
S239,Nurse,2024-10-06 15:11:55,07:00 AM,06:00 PM,General Ward,9,7,4
S240,Nurse,2024-10-18 13:56:59,06:00 PM,06:00 PM,ICU Surgery,8,7,1
S241,Nurse,2024-10-23 22:44:35,08:00 AM,07:00 PM,General Ward,10,7,4
S242,Nurse,2024-10-17 20:42:45,06:00 PM,06:00 AM,General Ward,9,7,0
S243,Surgeon,2024-10-14 02:37:22,08:00 AM,06:00 PM,ICU Surgery,11,2,0
S244,Surgeon,2024-10-26 11:12:00,07:00 AM,06:00 PM,ER,8,3,2
S245,Nurse,2024-10-21 13:06:07,07:00 AM,06:00 PM,ICU Surgery,10,9,2
S246,Surgeon,2024-10-24 12:34:45,06:00 PM,06:00 AM,ER,10,7,0
S247,Technician,2024-10-04 04:40:37,08:00 AM,06:00 PM,ICU Surgery,8,4,0
S248,Nurse,2024-10-28 17:12:25,07:00 AM,06:00 AM,ER,10,8,3
S249,Technician,2024-10-15 19:18:25,06:00 PM,06:00 AM,ER,11,1,4
S250,Technician,2024-10-08 15:23:51,06:00 PM,07:00 PM,General Ward,9,6,3
S251,Technician,2024-10-23 17:13:11,08:00 AM,06:00 AM,ER,11,3,2
S252,Technician,2024-10-12 13:18:26,08:00 AM,06:00 PM,ER,9,6,2
S253,Technician,2024-10-26 19:37:03,06:00 PM,07:00 PM,ICU Surgery,10,8,3
S254,Nurse,2024-10-25 09:17:44,07:00 AM,07:00 PM,ER,8,6,2
S255,Technician,2024-10-03 02:21:39,08:00 AM,06:00 AM,ER,11,1,3
S256,Nurse,2024-10-19 13:51:27,07:00 AM,07:00 PM,ER,10,1,1
S257,Surgeon,2024-10-11 17:17:19,06:00 PM,06:00 PM,ER,9,3,0
S258,Surgeon,2024-10-17 12:23:12,07:00 AM,06:00 PM,ER,9,3,4
S259,Technician,2024-10-28 02:47:24,06:00 PM,06:00 AM,ER,9,6,4
S260,Surgeon,2024-10-19 09:14:11,07:00 AM,06:00 AM,General Ward,11,7,4
S261,Nurse,2024-10-09 05:25:06,08:00 AM,06:00 PM,General Ward,8,5,2
S262,Nurse,2024-10-09 21:25:20,06:00 PM,07:00 PM,ICU Surgery,8,8,2
S263,Technician,2024-10-22 19:45:41,08:00 AM,06:00 PM,General Ward,8,3,1
S264,Surgeon,2024-10-22 16:02:28,06:00 PM,06:00 AM,ICU Surgery,11,8,1
S265,Technician,2024-10-03 22:31:36,06:00 PM,06:00 PM,ICU Surgery,8,3,2
S266,Surgeon,2024-10-18 12:47:57,07:00 AM,06:00 AM,ER,10,5,0
S267,Technician,2024-10-19 04:10:45,07:00 AM,07:00 PM,ICU Surgery,11,9,2
S268,Surgeon,2024-10-05 06:48:08,08:00 AM,06:00 PM,ER,10,6,3
S269,Nurse,2024-10-09 23:59:44,06:00 PM,06:00 AM,ICU Surgery,9,8,2
S270,Technician,2024-10-14 15:30:04,06:00 PM,07:00 PM,General Ward,9,7,0
S271,Technician,2024-10-12 00:30:17,08:00 AM,06:00 PM,ER,9,7,2
S272,Surgeon,2024-10-16 17:29:27,07:00 AM,06:00 PM,General Ward,8,1,2
S273,Technician,2024-10-03 19:06:46,08:00 AM,06:00 PM,ER,11,2,2
S274,Surgeon,2024-10-16 06:17:33,06:00 PM,07:00 PM,ER,10,3,1
S275,Technician,2024-10-10 21:52:18,06:00 PM,06:00 AM,ER,9,1,2
S276,Technician,2024-10-28 05:04:10,06:00 PM,06:00 AM,General Ward,11,9,3
S277,Technician,2024-10-17 03:29:54,08:00 AM,06:00 AM,General Ward,10,9,3
S278,Surgeon,2024-10-13 01:06:53,06:00 PM,07:00 PM,ER,11,3,4
S279,Nurse,2024-10-06 05:53:35,08:00 AM,06:00 AM,ICU Surgery,8,7,1
S280,Surgeon,2024-10-18 13:55:29,08:00 AM,06:00 AM,ICU Surgery,8,9,0
S281,Nurse,2024-10-14 17:43:19,06:00 PM,06:00 PM,ICU Surgery,11,1,3
S282,Technician,2024-10-24 01:29:56,07:00 AM,06:00 PM,ER,11,5,1
S283,Surgeon,2024-10-25 19:06:11,08:00 AM,07:00 PM,ER,9,3,0
S284,Surgeon,2024-10-22 14:49:59,06:00 PM,07:00 PM,ER,8,1,3
S285,Surgeon,2024-10-25 12:16:10,08:00 AM,06:00 PM,ER,9,4,0
S286,Nurse,2024-10-04 23:10:12,06:00 PM,06:00 AM,General Ward,11,8,1
S287,Nurse,2024-10-14 22:44:57,07:00 AM,07:00 PM,General Ward,10,5,4
S288,Technician,2024-10-05 01:20:27,07:00 AM,06:00 AM,General Ward,10,5,4
S289,Technician,2024-10-20 11:09:25,08:00 AM,06:00 PM,ER,11,4,1
S290,Surgeon,2024-10-17 20:51:59,06:00 PM,07:00 PM,ICU Surgery,11,2,1
S291,Nurse,2024-10-01 04:06:44,08:00 AM,06:00 AM,General Ward,9,1,4
S292,Surgeon,2024-10-15 13:52:19,08:00 AM,06:00 AM,ER,9,7,2
S293,Technician,2024-10-04 23:39:54,07:00 AM,06:00 PM,ER,8,2,2
S294,Surgeon,2024-10-04 17:08:58,07:00 AM,06:00 AM,ER,11,2,2
S295,Surgeon,2024-10-28 06:37:51,08:00 AM,06:00 AM,General Ward,9,9,0
S296,Nurse,2024-10-13 03:09:29,08:00 AM,06:00 PM,ER,9,3,2
S297,Nurse,2024-10-15 10:34:54,06:00 PM,06:00 PM,General Ward,8,2,4
S298,Nurse,2024-10-22 06:16:01,06:00 PM,06:00 AM,ICU Surgery,11,3,2
S299,Nurse,2024-10-09 16:29:18,07:00 AM,06:00 AM,ER,8,6,3
S300,Surgeon,2024-10-09 04:17:43,06:00 PM,06:00 PM,General Ward,10,8,4
S301,Technician,2024-10-23 18:14:14,08:00 AM,06:00 PM,ICU Surgery,10,3,4
S302,Surgeon,2024-10-20 09:54:51,06:00 PM,06:00 PM,ER,8,6,2
S303,Technician,2024-10-19 09:27:57,07:00 AM,06:00 PM,General Ward,10,5,4
S304,Nurse,2024-10-20 01:55:20,06:00 PM,06:00 PM,ER,10,9,3
S305,Nurse,2024-10-21 02:14:59,06:00 PM,07:00 PM,ER,10,6,0
S306,Nurse,2024-10-01 13:49:58,08:00 AM,07:00 PM,ER,10,4,1
S307,Technician,2024-10-20 21:22:07,06:00 PM,06:00 PM,ICU Surgery,8,5,1
S308,Surgeon,2024-10-21 03:05:17,06:00 PM,06:00 AM,ER,11,5,3
S309,Surgeon,2024-10-13 07:52:42,08:00 AM,07:00 PM,ICU Surgery,8,4,3
S310,Nurse,2024-10-24 11:02:22,06:00 PM,06:00 AM,General Ward,8,2,1
S311,Nurse,2024-10-29 23:15:00,07:00 AM,06:00 PM,ER,11,6,1
S312,Surgeon,2024-10-23 13:31:30,06:00 PM,06:00 AM,ICU Surgery,10,7,4
S313,Technician,2024-10-18 12:00:38,07:00 AM,06:00 AM,General Ward,9,9,1
S314,Technician,2024-10-09 03:03:52,08:00 AM,06:00 AM,General Ward,10,7,0
S315,Technician,2024-10-03 19:51:25,07:00 AM,06:00 AM,ICU Surgery,9,6,4
S316,Technician,2024-10-12 19:39:10,07:00 AM,07:00 PM,General Ward,8,5,2
S317,Surgeon,2024-10-26 00:37:29,07:00 AM,07:00 PM,ER,8,8,1
S318,Nurse,2024-10-25 05:35:48,06:00 PM,06:00 PM,ER,8,1,3
S319,Technician,2024-10-22 17:17:18,08:00 AM,06:00 AM,General Ward,11,5,0
S320,Nurse,2024-10-23 08:06:31,06:00 PM,06:00 PM,General Ward,11,4,4
S321,Nurse,2024-10-01 06:56:25,06:00 PM,06:00 PM,ER,11,1,0
S322,Nurse,2024-10-15 09:18:08,06:00 PM,06:00 AM,General Ward,9,3,2
S323,Technician,2024-10-16 07:09:40,07:00 AM,06:00 PM,ICU Surgery,11,6,4
S324,Surgeon,2024-10-08 00:56:34,08:00 AM,06:00 AM,General Ward,11,4,1
S325,Surgeon,2024-10-12 00:39:18,06:00 PM,06:00 PM,General Ward,11,1,2
S326,Technician,2024-10-05 16:17:08,08:00 AM,07:00 PM,General Ward,10,1,3
S327,Nurse,2024-10-15 22:33:44,08:00 AM,07:00 PM,ER,9,4,0
S328,Nurse,2024-10-29 10:20:32,07:00 AM,06:00 AM,ER,8,4,0
S329,Surgeon,2024-10-22 15:36:52,06:00 PM,06:00 AM,General Ward,8,8,0
S330,Technician,2024-10-14 05:33:35,08:00 AM,06:00 AM,ER,11,5,4
S331,Nurse,2024-10-21 07:53:05,06:00 PM,06:00 PM,General Ward,11,8,0
S332,Nurse,2024-10-10 10:36:45,06:00 PM,06:00 PM,ER,8,9,0
S333,Surgeon,2024-10-01 01:56:22,06:00 PM,06:00 AM,ER,9,7,1
S334,Technician,2024-10-10 20:35:41,08:00 AM,06:00 PM,ICU Surgery,9,1,1
S335,Nurse,2024-10-27 03:19:34,07:00 AM,06:00 PM,ICU Surgery,10,1,1
S336,Technician,2024-10-29 21:15:37,08:00 AM,06:00 PM,General Ward,8,4,1
S337,Surgeon,2024-10-17 15:32:52,07:00 AM,07:00 PM,General Ward,11,1,1
S338,Surgeon,2024-10-25 23:44:20,07:00 AM,06:00 PM,General Ward,11,6,2
S339,Technician,2024-10-05 19:11:11,08:00 AM,07:00 PM,General Ward,11,4,2
S340,Technician,2024-10-07 13:43:39,08:00 AM,06:00 PM,ER,8,6,0
S341,Surgeon,2024-10-21 08:32:15,06:00 PM,06:00 AM,ER,9,5,1
S342,Surgeon,2024-10-15 06:00:53,07:00 AM,07:00 PM,ER,9,5,0
S343,Surgeon,2024-10-07 15:35:55,08:00 AM,06:00 AM,General Ward,8,8,2
S344,Surgeon,2024-10-28 11:04:11,07:00 AM,07:00 PM,ICU Surgery,9,6,0
S345,Surgeon,2024-10-21 13:10:42,07:00 AM,07:00 PM,ICU Surgery,11,3,3
S346,Nurse,2024-10-08 05:25:04,08:00 AM,06:00 PM,General Ward,11,7,4
S347,Nurse,2024-10-06 13:53:58,07:00 AM,06:00 AM,ICU Surgery,10,5,2
S348,Nurse,2024-10-15 12:20:02,08:00 AM,06:00 PM,ICU Surgery,8,7,2
S349,Technician,2024-10-03 16:17:06,08:00 AM,06:00 AM,ICU Surgery,11,9,3
S350,Surgeon,2024-10-08 21:57:53,08:00 AM,06:00 PM,General Ward,9,6,4
S351,Technician,2024-10-20 19:39:03,06:00 PM,07:00 PM,ER,8,3,1
S352,Nurse,2024-10-22 05:41:09,06:00 PM,06:00 PM,ICU Surgery,10,5,4
S353,Technician,2024-10-17 08:52:57,06:00 PM,06:00 PM,ER,10,1,3
S354,Technician,2024-10-24 21:47:10,07:00 AM,06:00 AM,General Ward,8,3,4
S355,Surgeon,2024-10-23 14:12:13,06:00 PM,07:00 PM,General Ward,9,7,3
S356,Surgeon,2024-10-24 17:05:03,07:00 AM,06:00 AM,ER,8,5,3
S357,Nurse,2024-10-16 18:56:56,08:00 AM,07:00 PM,General Ward,8,9,1
S358,Surgeon,2024-10-09 15:56:26,07:00 AM,07:00 PM,General Ward,9,8,1
S359,Technician,2024-10-07 17:52:20,08:00 AM,07:00 PM,ICU Surgery,8,1,4
S360,Nurse,2024-10-02 00:33:27,08:00 AM,07:00 PM,General Ward,8,2,1
S361,Technician,2024-10-28 12:35:11,08:00 AM,06:00 PM,ICU Surgery,11,5,2
S362,Surgeon,2024-10-10 12:06:13,08:00 AM,06:00 AM,General Ward,10,9,4
S363,Surgeon,2024-10-14 20:25:15,08:00 AM,06:00 AM,ICU Surgery,10,1,0
S364,Technician,2024-10-20 17:14:26,08:00 AM,06:00 PM,ICU Surgery,9,9,4
S365,Surgeon,2024-10-21 06:46:30,06:00 PM,06:00 PM,ICU Surgery,10,1,2
S366,Nurse,2024-10-18 07:18:48,07:00 AM,07:00 PM,ER,9,2,0
S367,Surgeon,2024-10-24 03:48:15,06:00 PM,06:00 PM,ER,9,1,4
S368,Nurse,2024-10-09 06:18:34,06:00 PM,06:00 PM,ER,9,8,3
S369,Technician,2024-10-04 09:24:37,07:00 AM,07:00 PM,General Ward,8,8,3
S370,Nurse,2024-10-01 09:28:42,06:00 PM,06:00 AM,ICU Surgery,10,6,0
S371,Nurse,2024-10-17 06:01:45,06:00 PM,07:00 PM,ICU Surgery,11,2,0
S372,Nurse,2024-10-06 19:10:29,08:00 AM,06:00 PM,ER,11,1,1
S373,Nurse,2024-10-02 02:01:55,08:00 AM,06:00 PM,ER,11,9,4
S374,Surgeon,2024-10-01 07:03:17,06:00 PM,06:00 AM,General Ward,11,8,2
S375,Surgeon,2024-10-23 01:59:14,07:00 AM,07:00 PM,General Ward,11,1,0
S376,Nurse,2024-10-12 12:18:54,08:00 AM,06:00 AM,ER,9,5,0
S377,Nurse,2024-10-09 20:48:29,06:00 PM,06:00 PM,General Ward,11,1,1
S378,Technician,2024-10-20 08:13:16,06:00 PM,06:00 AM,General Ward,9,1,4
S379,Surgeon,2024-10-29 01:57:22,06:00 PM,06:00 AM,General Ward,8,5,1
S380,Surgeon,2024-10-20 13:23:47,08:00 AM,07:00 PM,ER,11,3,0
S381,Surgeon,2024-10-29 12:39:36,06:00 PM,06:00 PM,ER,10,5,3
S382,Technician,2024-10-03 11:18:32,06:00 PM,06:00 AM,ER,10,2,0
S383,Surgeon,2024-10-09 06:53:55,06:00 PM,07:00 PM,ICU Surgery,10,7,1
S384,Technician,2024-10-25 18:32:48,07:00 AM,06:00 AM,ER,11,4,2
S385,Nurse,2024-10-04 12:53:28,08:00 AM,06:00 PM,ER,11,9,4
S386,Nurse,2024-10-28 11:06:49,06:00 PM,06:00 PM,ER,10,4,1
S387,Technician,2024-10-21 01:34:19,07:00 AM,07:00 PM,ICU Surgery,10,2,2
S388,Nurse,2024-10-19 03:41:42,06:00 PM,07:00 PM,General Ward,11,5,3
S389,Surgeon,2024-10-06 05:31:07,06:00 PM,06:00 AM,ER,10,6,2
S390,Nurse,2024-10-07 22:42:02,07:00 AM,06:00 PM,ER,8,4,2
S391,Nurse,2024-10-20 21:48:49,06:00 PM,06:00 AM,ER,11,3,4
S392,Surgeon,2024-10-01 15:53:58,06:00 PM,06:00 PM,ER,11,3,4
S393,Nurse,2024-10-19 15:05:03,07:00 AM,07:00 PM,ICU Surgery,11,9,2
S394,Technician,2024-10-19 02:52:36,06:00 PM,06:00 AM,General Ward,8,6,1
S395,Surgeon,2024-10-29 10:32:36,08:00 AM,06:00 AM,General Ward,8,8,0
S396,Nurse,2024-10-21 02:06:42,07:00 AM,07:00 PM,ICU Surgery,10,5,0
S397,Surgeon,2024-10-18 20:50:08,06:00 PM,06:00 AM,ICU Surgery,10,8,1
S398,Surgeon,2024-10-03 22:08:57,08:00 AM,06:00 AM,ICU Surgery,10,3,3
S399,Technician,2024-10-05 01:50:11,06:00 PM,06:00 PM,ICU Surgery,8,1,1
S400,Technician,2024-10-18 02:24:59,07:00 AM,06:00 PM,ICU Surgery,10,4,0
S401,Nurse,2024-10-19 10:18:34,06:00 PM,06:00 AM,ICU Surgery,10,6,4
S402,Surgeon,2024-10-28 17:02:46,08:00 AM,06:00 PM,ER,10,8,4
S403,Nurse,2024-10-24 15:57:56,06:00 PM,06:00 AM,ICU Surgery,9,4,4
S404,Surgeon,2024-10-25 15:23:19,06:00 PM,06:00 AM,ER,9,6,4
S405,Technician,2024-10-24 02:11:40,06:00 PM,06:00 AM,General Ward,10,7,4
S406,Nurse,2024-10-10 22:33:10,08:00 AM,06:00 AM,General Ward,8,3,2
S407,Nurse,2024-10-02 21:01:18,08:00 AM,06:00 PM,General Ward,10,5,3
S408,Surgeon,2024-10-14 17:35:28,06:00 PM,06:00 PM,ER,8,7,4
S409,Technician,2024-10-19 20:06:03,06:00 PM,06:00 PM,General Ward,9,7,3
S410,Technician,2024-10-08 20:34:44,07:00 AM,06:00 PM,ICU Surgery,9,1,3
S411,Technician,2024-10-23 12:18:36,07:00 AM,07:00 PM,ER,10,2,2
S412,Technician,2024-10-01 10:35:35,08:00 AM,06:00 PM,General Ward,9,9,3
S413,Technician,2024-10-18 04:19:25,07:00 AM,06:00 PM,General Ward,10,4,1
S414,Surgeon,2024-10-26 22:18:02,06:00 PM,06:00 PM,ICU Surgery,10,4,0
S415,Surgeon,2024-10-09 22:13:17,07:00 AM,06:00 AM,General Ward,8,6,4
S416,Technician,2024-10-02 23:37:39,08:00 AM,06:00 PM,ER,8,2,4
S417,Nurse,2024-10-04 14:00:11,08:00 AM,07:00 PM,ICU Surgery,9,6,4
S418,Technician,2024-10-22 21:01:27,06:00 PM,06:00 AM,General Ward,9,9,2
S419,Surgeon,2024-10-04 10:39:31,08:00 AM,06:00 PM,General Ward,11,5,0
S420,Nurse,2024-10-22 22:30:48,07:00 AM,06:00 PM,ICU Surgery,10,6,4
S421,Surgeon,2024-10-27 06:10:43,08:00 AM,06:00 AM,ICU Surgery,10,4,0
S422,Technician,2024-10-04 11:43:32,06:00 PM,07:00 PM,ICU Surgery,9,7,1
S423,Surgeon,2024-10-22 06:59:36,07:00 AM,06:00 PM,ICU Surgery,8,7,1
S424,Technician,2024-10-27 10:23:13,08:00 AM,07:00 PM,ICU Surgery,8,6,4
S425,Technician,2024-10-04 22:39:30,07:00 AM,06:00 PM,General Ward,9,7,4
S426,Surgeon,2024-10-28 02:41:25,07:00 AM,07:00 PM,ER,9,5,1
S427,Surgeon,2024-10-24 17:48:40,07:00 AM,06:00 PM,ICU Surgery,9,8,1
S428,Technician,2024-10-12 13:41:43,06:00 PM,07:00 PM,ER,11,2,0
S429,Technician,2024-10-09 23:24:58,08:00 AM,07:00 PM,General Ward,9,8,1
S430,Technician,2024-10-28 05:50:07,06:00 PM,07:00 PM,ER,9,3,4
S431,Surgeon,2024-10-26 08:10:06,06:00 PM,06:00 AM,ER,10,1,1
S432,Technician,2024-10-24 08:49:10,08:00 AM,06:00 AM,ER,11,5,0
S433,Nurse,2024-10-02 04:26:37,08:00 AM,07:00 PM,General Ward,9,2,3
S434,Nurse,2024-10-15 17:32:17,07:00 AM,06:00 PM,ICU Surgery,10,6,3
S435,Surgeon,2024-10-24 04:02:16,08:00 AM,06:00 PM,ICU Surgery,9,7,0
S436,Technician,2024-10-26 11:06:51,08:00 AM,06:00 AM,ICU Surgery,10,4,0
S437,Surgeon,2024-10-26 01:47:11,08:00 AM,06:00 PM,ER,9,1,4
S438,Nurse,2024-10-12 02:52:37,08:00 AM,06:00 PM,General Ward,10,6,1
S439,Nurse,2024-10-22 14:40:26,06:00 PM,07:00 PM,General Ward,8,2,1
S440,Nurse,2024-10-07 12:55:01,08:00 AM,06:00 PM,General Ward,11,1,1
S441,Surgeon,2024-10-11 01:11:59,07:00 AM,07:00 PM,General Ward,10,6,1
S442,Surgeon,2024-10-20 15:21:35,08:00 AM,07:00 PM,ER,8,5,4
S443,Surgeon,2024-10-05 09:26:13,08:00 AM,07:00 PM,ER,8,3,1
S444,Surgeon,2024-10-27 21:00:01,07:00 AM,07:00 PM,ICU Surgery,9,2,4
S445,Technician,2024-10-14 22:47:46,06:00 PM,06:00 PM,General Ward,10,2,0
S446,Technician,2024-10-28 02:05:22,06:00 PM,07:00 PM,General Ward,9,8,0
S447,Nurse,2024-10-20 14:44:26,08:00 AM,06:00 PM,ER,9,7,3
S448,Nurse,2024-10-12 14:04:48,07:00 AM,06:00 PM,ICU Surgery,9,5,0
S449,Technician,2024-10-10 17:17:21,08:00 AM,06:00 PM,ICU Surgery,9,5,3
S450,Nurse,2024-10-22 01:29:01,08:00 AM,07:00 PM,ICU Surgery,8,8,2
S451,Technician,2024-10-26 18:04:59,06:00 PM,06:00 AM,ICU Surgery,8,8,2
S452,Surgeon,2024-10-03 18:48:02,08:00 AM,07:00 PM,ICU Surgery,10,1,2
S453,Technician,2024-10-07 11:01:18,07:00 AM,06:00 PM,ICU Surgery,8,9,2
S454,Surgeon,2024-10-15 02:00:43,07:00 AM,07:00 PM,ER,10,8,1
S455,Nurse,2024-10-12 03:30:45,06:00 PM,06:00 PM,ER,11,1,0
S456,Technician,2024-10-15 12:35:03,06:00 PM,06:00 AM,General Ward,11,3,1
S457,Surgeon,2024-10-17 09:01:54,08:00 AM,07:00 PM,ER,8,9,4
S458,Nurse,2024-10-27 22:13:13,07:00 AM,06:00 AM,General Ward,11,4,1
S459,Surgeon,2024-10-11 22:13:46,07:00 AM,06:00 AM,ICU Surgery,9,7,2
S460,Nurse,2024-10-10 19:29:44,07:00 AM,06:00 AM,ER,8,8,2
S461,Technician,2024-10-17 12:53:59,08:00 AM,07:00 PM,ICU Surgery,11,6,1
S462,Surgeon,2024-10-01 22:13:13,06:00 PM,06:00 PM,ER,10,4,3
S463,Nurse,2024-10-17 13:45:48,07:00 AM,06:00 AM,ER,9,9,1
S464,Nurse,2024-10-05 08:12:04,08:00 AM,07:00 PM,General Ward,11,5,0
S465,Nurse,2024-10-05 12:29:20,08:00 AM,06:00 PM,ER,11,5,4
S466,Technician,2024-10-28 17:36:57,08:00 AM,06:00 AM,ICU Surgery,10,4,0
S467,Technician,2024-10-12 01:32:38,08:00 AM,06:00 AM,ER,9,8,4
S468,Nurse,2024-10-21 00:59:45,06:00 PM,06:00 PM,ICU Surgery,10,3,4
S469,Technician,2024-10-04 10:38:45,07:00 AM,06:00 PM,General Ward,10,5,3
S470,Surgeon,2024-10-12 15:15:31,07:00 AM,06:00 AM,ER,9,2,4
S471,Nurse,2024-10-12 08:22:38,07:00 AM,06:00 PM,ER,10,4,1
S472,Nurse,2024-10-09 09:58:03,06:00 PM,06:00 AM,ER,9,4,4
S473,Technician,2024-10-14 00:20:35,08:00 AM,07:00 PM,ER,11,4,0
S474,Surgeon,2024-10-27 15:12:09,07:00 AM,06:00 AM,General Ward,8,3,0
S475,Technician,2024-10-02 14:39:32,06:00 PM,06:00 PM,ER,11,3,2
S476,Nurse,2024-10-22 13:47:50,06:00 PM,06:00 AM,ER,10,2,0
S477,Surgeon,2024-10-09 17:18:50,08:00 AM,06:00 AM,ICU Surgery,11,8,3
S478,Surgeon,2024-10-09 15:54:13,07:00 AM,06:00 PM,General Ward,11,4,1
S479,Surgeon,2024-10-29 23:18:39,07:00 AM,07:00 PM,ER,11,4,0
S480,Technician,2024-10-26 23:49:03,08:00 AM,07:00 PM,ER,9,5,3
S481,Technician,2024-10-16 01:13:10,07:00 AM,06:00 AM,General Ward,10,6,4
S482,Nurse,2024-10-13 05:17:01,06:00 PM,06:00 PM,ER,9,6,4
S483,Surgeon,2024-10-09 06:48:25,06:00 PM,06:00 AM,General Ward,8,6,2
S484,Technician,2024-10-27 18:23:42,06:00 PM,07:00 PM,ICU Surgery,10,7,4
S485,Nurse,2024-10-21 03:42:22,06:00 PM,06:00 PM,General Ward,9,7,1
S486,Nurse,2024-10-10 19:18:57,08:00 AM,06:00 AM,General Ward,10,2,0
S487,Nurse,2024-10-13 15:27:03,08:00 AM,07:00 PM,ER,11,8,3
S488,Nurse,2024-10-10 15:18:11,08:00 AM,06:00 AM,General Ward,9,3,2
S489,Surgeon,2024-10-17 06:54:43,07:00 AM,06:00 AM,ICU Surgery,9,7,4
S490,Nurse,2024-10-25 11:44:46,08:00 AM,06:00 AM,General Ward,9,3,3
S491,Technician,2024-10-08 13:17:18,06:00 PM,07:00 PM,ICU Surgery,11,1,4
S492,Surgeon,2024-10-06 15:15:58,08:00 AM,06:00 AM,ER,10,8,0
S493,Surgeon,2024-10-29 08:39:31,07:00 AM,06:00 PM,ICU Surgery,10,1,2
S494,Surgeon,2024-10-26 06:37:13,06:00 PM,07:00 PM,General Ward,11,3,2
S495,Surgeon,2024-10-10 22:38:50,08:00 AM,06:00 AM,General Ward,10,9,4
S496,Nurse,2024-10-14 20:47:36,06:00 PM,06:00 AM,ICU Surgery,9,6,3
S497,Nurse,2024-10-06 15:29:26,07:00 AM,07:00 PM,ICU Surgery,9,4,2
S498,Surgeon,2024-10-16 06:16:33,08:00 AM,07:00 PM,General Ward,8,4,0
S499,Nurse,2024-10-22 13:16:48,08:00 AM,06:00 AM,General Ward,10,5,4
S500,Surgeon,2024-10-13 20:47:08,06:00 PM,06:00 AM,General Ward,8,5,3
